Dataset,Project_Index,Fold,Actual,ABE_Prediction,ABE_Absolute_Error,ABE_MRE,GA-ABE_Prediction,GA-ABE_Absolute_Error,GA-ABE_MRE,PSO-ABE_Prediction,PSO-ABE_Absolute_Error,PSO-ABE_MRE,DE-ABE_Prediction,DE-ABE_Absolute_Error,DE-ABE_MRE,GWO-ABE_Prediction,GWO-ABE_Absolute_Error,GWO-ABE_MRE,WOA-ABE_Prediction,WOA-ABE_Absolute_Error,WOA-ABE_MRE,FAABE_Prediction,FAABE_Absolute_Error,FAABE_MRE
Subbiah,0,1,5576.0,7947.95703125,2371.95703125,0.42538684204626975,8812.3876953125,3236.3876953125,0.5804138621435617,8822.578125,3246.578125,0.5822414140961263,8006.447265625,2430.447265625,0.43587648235742465,8823.4111328125,3247.4111328125,0.5823908057411227,8798.7763671875,3222.7763671875,0.5779728061670553,8091.85498046875,2515.85498046875,0.4511935043882263
Subbiah,1,9,29326.0,11356.3232421875,17969.6767578125,0.6127558056950317,11051.1826171875,18274.8173828125,0.6231609282824968,11603.51171875,17722.48828125,0.6043268185654368,7132.53759765625,22193.46240234375,0.7567845052971339,8766.5830078125,20559.4169921875,0.7010644817631965,8509.533203125,20816.466796875,0.7098297345998431,7470.81298828125,21855.18701171875,0.7452495059578105
Subbiah,2,10,3110.0,11274.2412109375,8164.2412109375,2.6251579456390677,18172.90234375,15062.90234375,4.843376959405145,11982.3642578125,8872.3642578125,2.852850243669614,18237.892578125,15127.892578125,4.864274140876206,18180.578125,15070.578125,4.845845056270097,16734.396484375,13624.396484375,4.380834882435692,18058.859375,14948.859375,4.806707194533762
Subbiah,3,6,27447.0,6952.759765625,20494.240234375,0.7466841634559332,7515.03125,19931.96875,0.7261984460961125,10299.4599609375,17147.5400390625,0.6247509760288009,6938.4052734375,20508.5947265625,0.7472071529333807,10259.427734375,17187.572265625,0.6262095043401829,8698.0078125,18748.9921875,0.6830980503333698,9744.212890625,17702.787109375,0.6449807669098626
Subbiah,4,1,4321.0,5020.8701171875,699.8701171875,0.16196947863631103,5073.72509765625,752.72509765625,0.17420159631017126,6641.62353515625,2320.62353515625,0.5370570551160032,6950.98583984375,2629.98583984375,0.6086521267863342,10630.580078125,6309.580078125,1.460212931757695,8984.4296875,4663.4296875,1.0792477869706087,10351.04296875,6030.04296875,1.3955202427100208
Subbiah,5,2,8804.0,8739.107421875,64.892578125,0.007370806238641526,9317.205078125,513.205078125,0.05829226239493412,13324.751953125,4520.751953125,0.513488409032826,7779.73095703125,1024.26904296875,0.11634132700690027,4583.0908203125,4220.9091796875,0.479430847306622,13197.328125,4393.328125,0.49901500738300775,6908.6923828125,1895.3076171875,0.21527801194769422
Subbiah,6,6,43609.0,17542.69140625,26066.30859375,0.5977277303710243,16306.0244140625,27302.9755859375,0.6260857984805316,19511.16015625,24097.83984375,0.552588682238758,18791.8671875,24817.1328125,0.569082822639822,19499.640625,24109.359375,0.5528528371437089,20591.30859375,23017.69140625,0.5278197483604302,18920.1171875,24688.8828125,0.5661419159462496
Subbiah,7,4,13334.0,10061.67578125,3272.32421875,0.2454120458039598,7778.5498046875,5555.4501953125,0.4166379327517999,13729.171875,395.171875,0.029636408804559772,9956.158203125,3377.841796875,0.2533254684922004,15997.419921875,2663.419921875,0.19974650681528425,14744.9814453125,1410.9814453125,0.10581831748256337,14174.7626953125,840.7626953125,0.0630540494459652
Subbiah,8,6,19806.0,19417.728515625,388.271484375,0.019603730403665556,19332.716796875,473.283203125,0.023895950879783905,17439.41015625,2366.58984375,0.11948853093759466,18936.875,869.125,0.0438819044733919,17442.01171875,2363.98828125,0.11935717869584975,17748.30859375,2057.69140625,0.10389232587347269,17976.01953125,1829.98046875,0.09239525743461577
Subbiah,9,2,15017.0,8680.1484375,6336.8515625,0.4219785285010322,15613.654296875,596.654296875,0.03973192361157355,15472.7646484375,455.7646484375,0.030349913327395617,6619.6435546875,8397.3564453125,0.559190014337917,6205.029296875,8811.970703125,0.5867996739112339,15805.361328125,788.361328125,0.05249792422754212,16930.625,1913.625,0.12743057867749882
Subbiah,10,1,14507.0,8493.27734375,6013.72265625,0.41453937107947886,7811.3330078125,6695.6669921875,0.4615473214439581,8395.5546875,6111.4453125,0.4212756126352795,8455.2421875,6051.7578125,0.41716121958364927,6233.2421875,8273.7578125,0.5703286559936582,5248.2138671875,9258.7861328125,0.6382288641905631,6206.54345703125,8300.45654296875,0.572169059279572
Subbiah,11,8,7792.0,9614.505859375,1822.505859375,0.23389448913950206,9933.55078125,2141.55078125,0.2748396793185318,5231.29736328125,2560.70263671875,0.32863226857273486,10964.927734375,3172.927734375,0.4072032513314938,9365.8447265625,1573.8447265625,0.20198212609888347,9627.1416015625,1835.1416015625,0.23551611929703542,10605.65625,2813.65625,0.36109551463039014
Subbiah,12,2,38476.0,24712.6484375,13763.3515625,0.3577126406721073,12420.322265625,26055.677734375,0.6771929965270558,8775.6005859375,29700.3994140625,0.7719201427919352,11114.9091796875,27361.0908203125,0.7111209798397052,7808.03515625,30667.96484375,0.7970673885993866,9622.630859375,28853.369140625,0.74990563313819,11583.5234375,26892.4765625,0.6989415885876911
Subbiah,13,5,11915.0,10509.6015625,1405.3984375,0.11795203000419639,5848.2880859375,6066.7119140625,0.5091659180916911,7837.462890625,4077.537109375,0.3422188090117499,5884.962890625,6030.037109375,0.506087881609316,5802.95361328125,6112.04638671875,0.512970741646559,7245.4033203125,4669.5966796875,0.3919090792855644,7175.84375,4739.15625,0.39774706252622744
Subbiah,14,10,15159.0,9834.68359375,5324.31640625,0.35123137451349035,9852.6787109375,5306.3212890625,0.3500442832022231,10132.3310546875,5026.6689453125,0.3315963417977769,9691.970703125,5467.029296875,0.3606457745811069,11345.8896484375,3813.1103515625,0.2515410219382875,8071.2685546875,7087.7314453125,0.4675593010958836,9878.185546875,5280.814453125,0.34836166324460716
Subbiah,15,7,9575.0,11816.8212890625,2241.8212890625,0.23413277170365535,11151.640625,1576.640625,0.16466220626631853,8578.8994140625,996.1005859375,0.10403139278720627,12051.943359375,2476.943359375,0.25868860150130546,5804.6630859375,3770.3369140625,0.3937688683093995,8312.8544921875,1262.1455078125,0.13181676321801566,14028.248046875,4453.248046875,0.4650911798302872
Subbiah,16,3,19024.0,8985.2509765625,10038.7490234375,0.5276886576659745,9222.384765625,9801.615234375,0.5152236771643713,9212.865234375,9811.134765625,0.5157240730458894,9313.3818359375,9710.6181640625,0.5104403997089203,8511.216796875,10512.783203125,0.5526063500381098,9170.505859375,9853.494140625,0.5179507012523654,8643.6396484375,10380.3603515625,0.5456455189004679
Subbiah,17,6,217.0,8810.966796875,8593.966796875,39.60353362615207,4914.86669921875,4697.86669921875,21.64915529593894,12838.330078125,12621.330078125,58.162811419930875,7944.197265625,7727.197265625,35.6092039890553,12777.9658203125,12560.9658203125,57.884635116647466,3008.114990234375,2791.114990234375,12.862281060987904,8985.1435546875,8768.1435546875,40.40619149625576
Subbiah,18,1,17091.0,11495.138671875,5595.861328125,0.32741567656222575,10700.017578125,6390.982421875,0.3739384718199637,11006.1259765625,6084.8740234375,0.35602796930767655,11140.9658203125,5950.0341796875,0.3481384459474285,6925.56982421875,10165.43017578125,0.5947826444199432,6552.0849609375,10538.9150390625,0.6166353659272424,7027.67578125,10063.32421875,0.5888083914779708
Subbiah,19,5,9925.0,11326.923828125,1401.923828125,0.14125177109571788,8702.291015625,1222.708984375,0.12319485988664987,11747.75,1822.75,0.18365239294710328,7832.4365234375,2092.5634765625,0.21083762988035265,11234.43359375,1309.43359375,0.13193285579345088,9231.02734375,693.97265625,0.0699216782115869,11541.59765625,1616.59765625,0.16288137594458438
Subbiah,20,10,1028.0,6958.85595703125,5930.85595703125,5.769315133298881,10493.154296875,9465.154296875,9.207348537816149,9114.419921875,8086.419921875,7.866167239178016,10783.7177734375,9755.7177734375,9.489997834083171,10521.521484375,9493.521484375,9.234943078185797,9241.267578125,8213.267578125,7.989559900899805,10404.7890625,9376.7890625,9.121390138618677
Subbiah,21,10,10661.0,9497.453125,1163.546875,0.10914050042209925,11321.974609375,660.974609375,0.06199930676062283,4722.84423828125,5938.15576171875,0.5569980078528046,15161.30078125,4500.30078125,0.4221274534518338,15117.39453125,4456.39453125,0.4180090546149517,3386.0986328125,7274.9013671875,0.6823845199500516,11196.001953125,535.001953125,0.05018309287355783
Subbiah,22,2,2012.0,10535.2314453125,8523.2314453125,4.236198531467445,13236.94140625,11224.94140625,5.57899672278827,16208.0810546875,14196.0810546875,7.055706289606113,5794.626953125,3782.626953125,1.8800332769010935,8298.908203125,6286.908203125,3.124705866364314,16664.552734375,14652.552734375,7.2825808818961235,7316.17236328125,5304.17236328125,2.636268570219309
Subbiah,23,10,2217.0,5569.240234375,3352.240234375,1.5120614498759586,10702.6494140625,8485.6494140625,3.8275369481562924,7510.9287109375,5293.9287109375,2.38787943659788,8101.7177734375,5884.7177734375,2.654360745799504,7874.02978515625,5657.02978515625,2.551659803859382,8755.6494140625,6538.6494140625,2.949323145720568,10662.333984375,8445.333984375,3.809352270805142
Subbiah,24,8,1667.0,2438.1552734375,771.1552734375,0.46260064393371325,2169.7373046875,502.7373046875,0.30158206639922014,4742.25390625,3075.25390625,1.8447833870725854,2393.221923828125,726.221923828125,0.4356460250918566,1549.314208984375,117.685791015625,0.07059735513834733,5409.2880859375,3742.2880859375,2.2449238667891422,2458.944580078125,791.944580078125,0.47507173370013495
Subbiah,25,5,2978.0,4354.24169921875,1376.24169921875,0.4621362321083781,2032.8359375,945.1640625,0.3173821566487576,2228.07763671875,749.92236328125,0.2518208070118368,2004.2496337890625,973.7503662109375,0.3269813184052846,1999.4398193359375,978.5601806640625,0.3285964340712097,1210.4395751953125,1767.5604248046875,0.5935394307604727,2257.71337890625,720.28662109375,0.24186924818460376
Subbiah,26,7,7472.0,4175.90234375,3296.09765625,0.4411265599906317,3922.548583984375,3549.451416015625,0.47503364775369716,7187.53125,284.46875,0.03807129951820128,3749.10888671875,3722.89111328125,0.49824559867254414,3965.56591796875,3506.43408203125,0.46927650990782255,2362.9150390625,5109.0849609375,0.6837640472346761,5115.3369140625,2356.6630859375,0.315399235270008
Subbiah,27,7,9786.0,7730.5625,2055.4375,0.21003857551604332,7726.5185546875,2059.4814453125,0.21045181333665441,8103.4541015625,1682.5458984375,0.1719339769504905,2052.37451171875,7733.62548828125,0.7902744214470928,1924.1240234375,7861.8759765625,0.8033799281179747,1969.61962890625,7816.38037109375,0.798730877896357,997.430419921875,8788.569580078125,0.898075779693248
Subbiah,28,1,22448.0,7874.8544921875,14573.1455078125,0.6491957193430372,2829.510498046875,19618.489501953125,0.8739526684761727,2803.18115234375,19644.81884765625,0.8751255723296619,2885.015625,19562.984375,0.8714800594707769,2768.662109375,19679.337890625,0.8766633058902797,3011.64306640625,19436.35693359375,0.8658391363860366,2746.36767578125,19701.63232421875,0.8776564649063948
Subbiah,29,9,13753.0,21295.3671875,7542.3671875,0.5484161410237767,29696.80078125,15943.80078125,1.1592962103722824,16485.060546875,2732.060546875,0.19865197025194503,13520.751953125,232.248046875,0.01688708259107104,22577.88671875,8824.88671875,0.6416699424670981,21344.44140625,7591.44140625,0.5519843965861994,21112.734375,7359.734375,0.5351366520031993
Subbiah,30,4,34472.0,13719.37890625,20752.62109375,0.6020138400368414,13233.91015625,21238.08984375,0.6160968276789859,12388.359375,22083.640625,0.6406254532664192,13616.908203125,20855.091796875,0.604986417871751,14547.4580078125,19924.5419921875,0.577992051293441,16211.6513671875,18260.3486328125,0.5297153815506063,13537.306640625,20934.693359375,0.607295583643972
Subbiah,31,2,13591.0,7366.89599609375,6224.10400390625,0.4579577664562026,5470.55859375,8120.44140625,0.5974866754653815,6894.314453125,6696.685546875,0.49272941997461556,6210.99267578125,7380.00732421875,0.5430069401970974,5987.2490234375,7603.7509765625,0.559469573729858,9196.751953125,4394.248046875,0.32332043608822014,5509.74609375,8081.25390625,0.5946033335479362
Subbiah,32,8,7043.0,6640.98876953125,402.01123046875,0.057079544294867245,7326.21630859375,283.21630859375,0.04021245330026267,5356.3994140625,1686.6005859375,0.23947189918181172,8749.2158203125,1706.2158203125,0.24225696724584694,6136.23974609375,906.76025390625,0.12874630894593922,2617.690185546875,4425.309814453125,0.6283273909489032,8959.9248046875,1916.9248046875,0.2721744717716172
Subbiah,33,3,7971.0,9262.783203125,1291.783203125,0.1620603692290804,9657.0,1686.0,0.21151674821226948,9674.306640625,1703.306640625,0.21368794889286163,10756.06640625,2785.06640625,0.34939987532931877,10669.6630859375,2698.6630859375,0.3385601663451888,9700.572265625,1729.572265625,0.2169830969294944,10699.50390625,2728.50390625,0.3423038397001631
Subbiah,34,1,4552.0,2222.1357421875,2329.8642578125,0.511833097058985,4570.373046875,18.373046875,0.004036258100834798,3448.833984375,1103.166015625,0.24234754297561512,3421.09326171875,1130.90673828125,0.24844172633595124,5252.80224609375,700.80224609375,0.15395479922973418,6013.90673828125,1461.90673828125,0.32115701631837656,5912.1728515625,1360.1728515625,0.29880774419211337
Subbiah,35,3,37836.0,16894.734375,20941.265625,0.5534746174278465,25271.26953125,12564.73046875,0.33208400646870706,25266.171875,12569.828125,0.3322187367850724,25284.201171875,12551.798828125,0.3317422250799503,25100.7109375,12735.2890625,0.33659184539856224,25276.896484375,12559.103515625,0.3319352869125965,25131.087890625,12704.912109375,0.3357889869271329
Subbiah,36,6,8636.0,8510.6904296875,125.3095703125,0.01451014014734831,9786.265625,1150.265625,0.13319425949513664,8543.1826171875,92.8173828125,0.010747728440539601,11834.623046875,3198.623046875,0.3703824741633858,8626.087890625,9.912109375,0.001147766254631774,14080.021484375,5444.021484375,0.6303869250086845,13956.4609375,5320.4609375,0.6160793118920797
Subbiah,37,9,9658.0,4853.4501953125,4804.5498046875,0.49746839973985296,5944.9736328125,3713.0263671875,0.38445085599373574,4312.17578125,5345.82421875,0.553512551123421,3824.335205078125,5833.664794921875,0.60402410384364,5751.095703125,3906.904296875,0.4045251912274798,5595.35107421875,4062.64892578125,0.4206511623298043,2821.2080078125,6836.7919921875,0.7078890031256472
Subbiah,38,6,11237.0,11854.05078125,617.05078125,0.05491241267687105,8940.392578125,2296.607421875,0.20437905329491857,12322.1083984375,1085.1083984375,0.09656566685392008,8115.55322265625,3121.44677734375,0.2777829293711622,12328.2373046875,1091.2373046875,0.0971110887859304,9331.29296875,1905.70703125,0.16959215371095487,8118.52587890625,3118.47412109375,0.2775183875673
Subbiah,39,3,6369.0,7894.708984375,1525.708984375,0.23955236055503218,6720.6025390625,351.6025390625,0.05520529738773748,6735.6279296875,366.6279296875,0.05756444177853666,7214.75927734375,845.75927734375,0.13279310368091538,7254.10400390625,885.10400390625,0.13897063964613754,6777.28076171875,408.28076171875,0.06410437458294081,7232.755859375,863.755859375,0.13561875637855236
Subbiah,40,5,14851.0,7643.263671875,7207.736328125,0.48533676709480844,9826.2158203125,5024.7841796875,0.3383465207519696,6078.2685546875,8772.7314453125,0.5907165473915897,13970.611328125,880.388671875,0.059281440433304154,8203.52734375,6647.47265625,0.44761111415056226,7641.9208984375,7209.0791015625,0.485427183459868,6315.78076171875,8535.21923828125,0.5747235363464581
Subbiah,41,7,3936.0,6454.287109375,2518.287109375,0.6398087168127541,7741.099609375,3805.099609375,0.9667427869347053,4352.9248046875,416.9248046875,0.10592601745109248,3873.999755859375,62.000244140625,0.015752094547923017,8753.2666015625,4817.2666015625,1.2238990349498222,9205.4267578125,5269.4267578125,1.3387771234279726,6218.4775390625,2282.4775390625,0.5798977487455539
Subbiah,42,4,3901.0,3365.9697265625,535.0302734375,0.1371520823987439,7065.1865234375,3164.1865234375,0.8111218978306844,3440.327392578125,460.672607421875,0.11809090167184697,3405.792724609375,495.207275390625,0.12694367479892976,4877.5419921875,976.5419921875,0.2503311951262497,12873.4677734375,8972.4677734375,2.3000430078024867,3441.57470703125,459.42529296875,0.11777115943828506
Subbiah,43,9,5362.0,1956.90283203125,3405.09716796875,0.6350423662754103,2601.32470703125,2760.67529296875,0.5148592489684353,2351.10595703125,3010.89404296875,0.5615244391959623,2671.15869140625,2690.84130859375,0.5018353801927918,5297.669921875,64.330078125,0.011997403604065647,4897.44970703125,464.55029296875,0.08663750335112831,2665.25146484375,2696.74853515625,0.5029370636248135
Subbiah,44,4,6078.0,8306.4189453125,2228.4189453125,0.3666368781363113,10543.2724609375,4465.2724609375,0.7346614776139355,8706.3671875,2628.3671875,0.4324394846166502,8769.9296875,2691.9296875,0.44289728323461663,11789.134765625,5711.134765625,0.9396404681844357,9790.6806640625,3712.6806640625,0.610839201063261,8786.12109375,2708.12109375,0.44556121976801577
Subbiah,45,2,13121.0,11168.6875,1952.3125,0.14879296547519244,10925.3271484375,2195.6728515625,0.16734035908562608,11888.42578125,1232.57421875,0.09393904570916851,6599.20849609375,6521.79150390625,0.4970498821664698,6461.9150390625,6659.0849609375,0.5075135249552245,13782.970703125,661.970703125,0.05045123871084521,9944.904296875,3176.095703125,0.24206201532848107
Subbiah,46,4,2850.0,3524.94873046875,674.94873046875,0.23682411595394737,3820.837890625,970.837890625,0.3406448739035088,4590.46337890625,1740.46337890625,0.610688904879386,3494.281494140625,644.281494140625,0.22606368215460526,2056.32470703125,793.67529296875,0.2784825589364035,7103.58056640625,4253.58056640625,1.4924844092653509,5234.076171875,2384.076171875,0.8365179550438596
Subbiah,47,2,9211.0,17202.169921875,7991.169921875,0.867568116586147,14570.70703125,5359.70703125,0.581881123792205,13370.095703125,4159.095703125,0.4515357402155032,2614.06298828125,6596.93701171875,0.7162020423101455,3098.963623046875,6112.036376953125,0.6635583950660217,14816.9130859375,5605.9130859375,0.6086106922090435,14679.9794921875,5468.9794921875,0.593744380869341
Subbiah,48,8,2655.0,5087.56640625,2432.56640625,0.9162208686440678,6618.0751953125,3963.0751953125,1.4926836893832391,3577.96435546875,922.96435546875,0.34763252560028246,4999.10498046875,2344.10498046875,0.8829020642066855,4358.6884765625,1703.6884765625,0.6416905749764595,4724.64453125,2069.64453125,0.7795271304143127,4494.0439453125,1839.0439453125,0.6926719191384181
Subbiah,49,3,3884.0,4674.9658203125,790.9658203125,0.20364722459127188,3827.84033203125,56.15966796875,0.014459234801428938,3827.68603515625,56.31396484375,0.014498961082324922,4386.46484375,502.46484375,0.12936787944129763,10982.939453125,7098.939453125,1.8277393030702884,3829.634033203125,54.365966796875,0.01399741678601313,11626.6796875,7742.6796875,1.9934808670185376
Subbiah,50,1,3483.0,7858.88720703125,4375.88720703125,1.256355787261341,7556.587890625,4073.587890625,1.1695629889821992,7471.22265625,3988.22265625,1.1450538777634223,7696.94873046875,4213.94873046875,1.2098618232755527,6977.3515625,3494.3515625,1.003259133649153,9367.99609375,5884.99609375,1.689634250287109,4637.63671875,1154.63671875,0.3315063791989664
Subbiah,51,10,1714.0,2758.537353515625,1044.537353515625,0.609415025388346,2762.05859375,1048.05859375,0.6114694245915986,2094.9990234375,380.9990234375,0.22228647808488916,3799.0556640625,2085.0556640625,1.2164852182394983,3753.488525390625,2039.488525390625,1.1898999564706096,3802.037109375,2088.037109375,1.218224684582847,2734.869384765625,1020.869384765625,0.5956064088480892
Subbiah,52,9,12025.0,2448.98779296875,9576.01220703125,0.7963419714786902,5292.74755859375,6732.25244140625,0.5598546728820166,4461.234375,7563.765625,0.6290033783783784,3586.53515625,8438.46484375,0.7017434381496882,3624.870849609375,8400.129150390625,0.698555438701923,1423.98876953125,10601.01123046875,0.8815809755067567,3137.615478515625,8887.384521484375,0.7390756358822765
Subbiah,53,7,12121.0,6231.9482421875,5889.0517578125,0.48585527248679977,6319.02880859375,5801.97119140625,0.4786710000335162,5198.3564453125,6922.6435546875,0.5711280880032588,6084.9931640625,6036.0068359375,0.4979792786022193,5661.8115234375,6459.1884765625,0.5328923749329676,9480.318359375,2640.681640625,0.2178600479024008,6160.9404296875,5960.0595703125,0.49171351953737313
Subbiah,54,2,8067.0,10275.00390625,2208.00390625,0.2737081822548655,10116.287109375,2049.287109375,0.2540333592878393,11751.8671875,3684.8671875,0.45678284213462256,17040.541015625,8973.541015625,1.1123764739835131,17041.06640625,8974.06640625,1.1124416023614727,13114.556640625,5047.556640625,0.6257043065110945,6855.3662109375,1211.6337890625,0.15019632937430272
Subbiah,55,4,6931.0,5991.017578125,939.982421875,0.13562002912638868,5346.1982421875,1584.8017578125,0.22865412751587072,5981.64013671875,949.35986328125,0.13697300004057855,5924.892578125,1006.107421875,0.14516049947698745,7292.8203125,361.8203125,0.052203190376569036,7111.65966796875,180.65966796875,0.02606545490820228,5946.43359375,984.56640625,0.14205257628769297
Subbiah,56,3,3371.0,28484.11328125,25113.11328125,7.44975178915752,19100.185546875,15729.185546875,4.666029530369326,19102.671875,15731.671875,4.666767094334025,19315.3203125,15944.3203125,4.729848802284189,28591.46484375,25220.46484375,7.48159740247701,19134.4140625,15763.4140625,4.676183346929695,28446.29296875,25075.29296875,7.438532473672501
Subbiah,57,6,1274.0,7155.82275390625,5881.82275390625,4.616815348435047,8314.115234375,7040.115234375,5.52599311960361,2464.25634765625,1190.25634765625,0.9342671488667582,7809.03662109375,6535.03662109375,5.129542088770604,2463.0810546875,1189.0810546875,0.9333446269132653,7259.81005859375,5985.81005859375,4.698438036572802,2368.040283203125,1094.040283203125,0.858744335324274
Subbiah,58,5,3723.0,8824.955078125,5101.955078125,1.3703881488383025,6992.17578125,3269.17578125,0.8781025466693527,7414.3896484375,3691.3896484375,0.9915094408910825,6932.8642578125,3209.8642578125,0.8621714364255977,7543.833984375,3820.833984375,1.0262782660153102,6924.056640625,3201.056640625,0.8598057052444266,6725.078125,3002.078125,0.8063599583669084
Subbiah,59,3,2454.0,3464.29638671875,1010.29638671875,0.41169371911929503,4619.337890625,2165.337890625,0.8823707785757946,4623.611328125,2169.611328125,0.8841121956499592,5472.232421875,3018.232421875,1.229923562296251,4594.11865234375,2140.11865234375,0.8720939903601264,4647.810546875,2193.810546875,0.8939733279849226,4628.0009765625,2174.0009765625,0.8859009684443765
Subbiah,60,10,7670.0,6948.70556640625,721.29443359375,0.09404099525342242,1778.6871337890625,5891.3128662109375,0.768098157263486,9075.328125,1405.328125,0.18322400586701434,3494.9365234375,4175.0634765625,0.5443368287565189,3445.489990234375,4224.510009765625,0.5507835736330672,9120.1875,1450.1875,0.18907268578878747,2399.591064453125,5270.408935546875,0.6871458846866851
Subbiah,61,8,8754.0,13192.5888671875,4438.5888671875,0.5070355114447681,14531.1845703125,5777.1845703125,0.6599479746758624,7593.4921875,1160.5078125,0.13256886137765592,13800.13671875,5046.13671875,0.5764378248514964,9513.79296875,759.79296875,0.08679380497486863,9818.419921875,1064.419921875,0.12159240597155586,12604.2783203125,3850.2783203125,0.43983074255340415
Subbiah,62,1,5896.0,10653.796875,4757.796875,0.8069533370081411,7964.19580078125,2068.19580078125,0.3507794777444454,6803.484375,907.484375,0.15391526034599728,6879.95068359375,983.95068359375,0.16688444430016114,6560.9462890625,664.9462890625,0.11277922134709972,8973.41796875,3077.41796875,0.5219501303850068,6296.2861328125,400.2861328125,0.06789113514458955
Subbiah,63,9,2638.0,4038.935546875,1400.935546875,0.5310597220905989,5052.3330078125,2414.3330078125,0.9152134222185367,6892.97216796875,4254.97216796875,1.6129538165158264,4740.3408203125,2102.3408203125,0.7969449660017058,5180.322265625,2542.322265625,0.9637309574014404,5138.43798828125,2500.43798828125,0.9478536725857657,2435.9814453125,202.0185546875,0.07658019510519333
Subbiah,64,5,1625.0,10199.53515625,8574.53515625,5.276637019230769,8195.2509765625,6570.2509765625,4.0432313701923075,1912.654052734375,287.654052734375,0.17701787860576923,10653.9638671875,9028.9638671875,5.55628545673077,8935.126953125,7310.126953125,4.498539663461538,6604.6123046875,4979.6123046875,3.0643768028846154,7397.3515625,5772.3515625,3.552216346153846
Subbiah,65,8,4287.0,3237.55224609375,1049.44775390625,0.24479770326714487,7184.71728515625,2897.71728515625,0.6759312538269769,8892.4033203125,4605.4033203125,1.0742718265249591,3179.69189453125,1107.30810546875,0.2582944029551551,11078.638671875,6791.638671875,1.584240417978773,11070.2734375,6783.2734375,1.5822891153487286,3183.3935546875,1103.6064453125,0.2574309412905295
Subbiah,66,7,2186.0,13971.16015625,11785.16015625,5.391198607616651,12092.0751953125,9906.0751953125,4.531598899959972,13123.6142578125,10937.6142578125,5.003483192045975,13678.306640625,11492.306640625,5.257230851155078,11724.2119140625,9538.2119140625,4.363317435527219,11220.3876953125,9034.3876953125,4.13283975082914,11247.08203125,9061.08203125,4.145051249428179
Subbiah,67,9,3767.0,2367.577880859375,1399.422119140625,0.3714951205576387,8584.6494140625,4817.6494140625,1.2789087905661003,5756.47265625,1989.47265625,0.5281318439739846,3224.655517578125,542.344482421875,0.1439725198890032,5385.70263671875,1618.70263671875,0.42970603576287497,5216.7431640625,1449.7431640625,0.38485350784775685,2757.507568359375,1009.492431640625,0.26798312493778204
Subbiah,68,8,5832.0,1990.070556640625,3841.929443359375,0.6587670513304826,7237.779296875,1405.779296875,0.24104583279749658,3123.64404296875,2708.35595703125,0.46439574023169583,2190.0986328125,3641.9013671875,0.6244686843599966,8085.5849609375,2253.5849609375,0.3864171743719993,7328.447265625,1496.447265625,0.25659246667095337,1649.60400390625,4182.39599609375,0.7171460898651835
Subbiah,69,4,316.0,14650.791015625,14334.791015625,45.36326270767405,9986.587890625,9670.587890625,30.603126236155063,10742.67578125,10426.67578125,32.99580943433544,14242.404296875,13926.404296875,44.07089967365506,9467.73828125,9151.73828125,28.961197092563292,9630.1416015625,9314.1416015625,29.47513165051424,10658.40234375,10342.40234375,32.72912134098101
Subbiah,70,7,7715.0,12275.837890625,4560.837890625,0.5911649890635127,12325.025390625,4610.025390625,0.5975405561406352,10137.693359375,2422.693359375,0.3140237666072586,10260.4462890625,2545.4462890625,0.3299347101830849,12188.8388671875,4473.8388671875,0.579888382007453,10283.8212890625,2568.8212890625,0.3329645222375243,10419.2294921875,2704.2294921875,0.35051581233797796
Subbiah,71,5,382.0,10720.884765625,10338.884765625,27.065143365510473,8447.015625,8065.015625,21.11260634816754,10422.4912109375,10040.4912109375,26.28400840559555,8462.123046875,8080.123046875,21.152154572971206,8395.697265625,8013.697265625,20.97826509325916,10775.560546875,10393.560546875,27.208273682918847,8634.3681640625,8252.3681640625,21.603058021106023
